#,Anime,#1,#2,#3,#4-5,#6-10,#11-20,Points,Classification,Genre
2,Steins;Gate,97,74,78,78,129,130,1715,Seinen,Other
3,Attack on Titan,84,79,49,92,134,173,1649,Shonen,Fantasy / Action
4,Puella Magi Madoka Magica,79,43,46,59,102,113,1245,Seinen,Fantasy / Action
18,Gintama,70,31,18,22,30,27,699,Shonen,Other
7,Neon Genesis Evangelion,67,43,48,45,74,110,1092,Shonen,Mecha
14,Clannad,62,36,22,34,63,58,828,Seinen,Slice of Life
1,Frieren: Beyond Journey's End,60,69,62,128,217,182,1824,Shonen,Fantasy / Action
8,The Monogatari Series,59,51,34,65,78,81,1067,Seinen,Other
5,Hunter x Hunter,49,53,54,53,111,116,1170,Shonen,Fantasy / Action
9,Fullmetal Alchemist: Brotherhood,41,42,37,65,113,102,1044,Shonen,Fantasy / Action
24,One piece,39,26,17,29,38,35,565,Shonen,Fantasy / Action
13,Code Geass,37,32,21,45,96,112,836,Shonen,Mecha
17,Re: Zero,34,25,21,37,73,154,765,Shonen,Isekai
6,Kaguya-sama: Love is War series,33,29,34,81,159,179,1157,Seinen,Slice of Life
15,Mushoku Tensei: Jobless Reincarnation,27,28,29,45,94,119,805,Seinen,Isekai
19,Gurren Lagann,26,29,21,35,66,94,661,Shonen,Mecha
16,Made in Abyss,25,31,18,45,99,130,784,Seinen,Fantasy / Action
32,K-on,24,15,9,32,53,53,471,Seinen,Slice of Life
26,3-gatsu no Lion,23,17,20,36,57,71,556,Seinen,Slice of Life
21,Jojos Bizarre Adventure,22,22,16,20,82,108,594,Shonen,Fantasy / Action
27,Cowboy Bebop,22,19,23,24,52,93,547,Seinen,Other
10,Vinland Saga,20,31,43,59,145,137,1000,Seinen,Other
11,Mob Psycho 100,20,28,26,56,135,203,957,Shonen,Fantasy / Action
12,Bocchi the Rock,20,16,26,55,143,164,883,Seinen,Slice of Life
37,Fruits Basket,20,16,17,25,38,51,434,Shojo,Slice of Life
44,Hibike Euphonium,20,12,14,13,42,64,391,Seinen,Slice of Life
42,Dragon Ball,18,10,11,27,42,55,394,Shonen,Fantasy / Action
48,Legend of Galactic Heroes,18,19,16,20,19,23,351,Seinen,Other
23,Violet Evergarden,16,10,18,43,75,114,585,Seinen,Slice of Life
33,Naruto,16,22,12,27,45,70,457,Shonen,Fantasy / Action
25,A Place Furter than the Universe,15,19,22,38,60,86,559,Shonen,Slice of Life
38,One Punch Man,15,4,6,27,63,112,434,Seinen,Fantasy / Action
28,Eighty-Six,14,26,23,33,47,79,538,Shonen,Mecha
20,Death Note,13,16,22,35,94,132,642,Shonen,Other
36,Odd Taxi,13,11,15,27,44,98,436,Seinen,Other
56,FLCL,13,11,3,19,29,44,280,Seinen,Mecha
30,Your Name.,12,17,16,29,79,93,530,Seinen,Other
40,Kill La Kill,12,11,7,25,52,101,412,Seinen,Fantasy / Action
73,Aria,12,11,4,16,12,21,213,Seinen,Slice of Life
29,Jujutsu Kaisen,11,11,16,32,81,110,531,Shonen,Fantasy / Action
49,The Melancholy of Haruhi Suzumiya,11,7,6,21,55,42,322,Shonen,Other
35,Fate/zero,10,15,15,34,49,72,442,Seinen,Fantasy / Action
45,Rascal Does Not Dream of Bunny Girl Senpai,10,11,10,18,64,75,391,Shonen,Slice of Life
50,Your Lie in April,10,10,10,15,31,68,305,Shonen,Slice of Life
52,From the new world,10,9,8,18,31,54,288,Seinen,Fantasy / Action
96,Symphogear,10,7,3,6,15,17,155,Seinen,Fantasy / Action
59,Chihayafuru,9,2,7,16,33,62,257,Josei,Other
102,Sword Art Online,9,2,1,7,15,39,147,Shonen,Isekai
39,Monster,8,13,10,34,59,61,413,Seinen,Other
53,Ping Pong the Animation,8,7,8,19,37,52,283,Seinen,Other
113,Haibane Renmei,8,2,2,8,16,23,135,Seinen,Slice of Life
41,Chainsaw Man,7,10,10,19,64,109,409,Shonen,Fantasy / Action
54,The Dangers in my Heart,7,5,9,15,40,67,283,Shonen,Slice of Life
61,Nichijou,7,5,4,16,28,76,251,Shonen,Slice of Life
63,Oregairu,7,7,5,16,25,60,241,Shonen,Slice of Life
78,Serial Experiments Lain,7,6,5,10,22,32,185,Seinen,Other
87,Revolutionary Girl Utena,7,5,4,9,25,24,172,Shojo,Fantasy / Action
34,Haikyu,6,16,16,29,67,67,446,Shonen,Other
43,The Apothecary Diaries,6,4,4,19,71,133,394,Seinen,Other
58,Hyouka,6,12,3,12,40,57,263,Shonen,Slice of Life
62,Spice and Wolf,6,11,7,8,39,41,245,Shonen,Slice of Life
65,The Tatami Galaxy,6,5,7,17,29,49,236,Seinen,Slice of Life
68,Mushishi,6,6,5,18,31,37,227,Seinen,Other
84,Revue Starlight,6,8,8,7,16,30,177,Seinen,Fantasy / Action
97,Liz and the Blue Bird,6,4,4,10,22,17,153,Seinen,Slice of Life
99,Yu Yu Hakusho,6,8,4,7,13,24,149,Shonen,Fantasy / Action
22,KonoSuba,5,10,17,38,95,151,588,Shonen,Isekai
55,Yuru Camp,5,5,9,17,44,63,283,Seinen,Slice of Life
67,Girls' Last Tour,5,7,5,11,35,52,228,Seinen,Slice of Life
85,Higurashi,5,5,6,10,22,34,177,Seinen,Other
91,Princess Mononoke,5,3,7,6,25,32,165,Seinen,Fantasy / Action
124,Bang Dream! It’s MyGO!!!!!,5,2,3,5,12,18,102,Seinen,Slice of Life
31,A Silent Voice,4,18,17,29,71,85,474,Shonen,Slice of Life
46,Oshi no ko,4,8,8,13,63,118,367,Shonen,Other
47,Demon Slayer,4,3,11,32,46,91,355,Shonen,Fantasy / Action
57,Toradora,4,3,11,20,35,58,264,Shonen,Slice of Life
64,Bleach,4,10,9,12,34,39,239,Shonen,Fantasy / Action
66,Assassination Classroom,4,5,5,10,46,47,229,Shonen,Fantasy / Action
90,A Certain Scientific Railgun,4,2,6,10,18,49,167,Shonen,Fantasy / Action
118,Natsume Book of Friends,4,6,5,8,12,10,122,Shojo,Slice of Life
69,The Disastrous Life of Saiki K,3,9,4,14,40,38,227,Shonen,Slice of Life
71,Fate UBW,3,9,9,13,26,41,219,Seinen,Fantasy / Action
80,Baccano!,3,9,7,9,21,35,183,Shonen,Fantasy / Action
81,Bloom into you,3,9,4,9,22,40,178,Seinen,Slice of Life
94,Rakugo,3,4,1,14,24,32,157,Seinen,Other
95,That Time I Got Reincarnated as a Slime,3,5,3,5,23,48,156,Shonen,Isekai
105,Golden Kamuy,3,2,7,6,23,30,145,Seinen,Other
116,Vivy: Flourite eyes song,3,2,0,7,14,56,128,Seinen,Mecha
123,Black Clover,3,4,1,5,14,27,105,Shonen,Fantasy / Action
125,Penguindrum,3,3,3,10,11,10,101,Seinen,Other
131,Durarara,3,1,3,2,15,25,92,Shonen,Fantasy / Action
134,Girls und Panzer,3,3,1,6,12,17,90,Seinen,Other
136,Wolf Children,3,0,5,4,11,17,86,Seinen,Slice of Life
154,Blue lock,3,1,1,2,12,20,73,Shonen,Other
167,Gushing Over Magical Girls,3,0,1,1,16,11,65,Seinen,Fantasy / Action
176,Sailor Moon,3,0,4,1,8,10,60,Shojo,Fantasy / Action
192,Paranoia Agent,3,0,2,1,7,14,54,Seinen,Other
199,Tomorrow’s Joe,3,4,0,2,6,4,53,Shonen,Other
226,Eureka Seven,3,0,1,3,5,4,42,Shonen,Mecha
246,The World God Only Knows,3,1,0,1,1,13,37,Shonen,Other
290,World Trigger,3,0,1,0,3,5,30,Shonen,Fantasy / Action
51,Cyberpunk Edgerunners,2,4,8,15,52,94,301,Seinen,Other
70,Psycho-pass,2,2,4,16,43,54,222,Seinen,Other
72,Houseki no Kuni,2,7,6,13,29,58,217,Seinen,Fantasy / Action
74,Samurai Champloo,2,8,6,11,29,39,196,Seinen,Other
75,Lycoris Recoil,2,2,5,10,30,63,191,Seinen,Other
77,Eminence in Shadow,2,4,7,14,22,46,186,Shonen,Isekai
82,angel beats,2,2,4,11,29,53,178,Seinen,Fantasy / Action
86,Non Non Biyori,2,2,7,13,28,35,176,Seinen,Slice of Life
89,Fullmetal Alchemist (2003),2,9,5,11,23,26,171,Shonen,Fantasy / Action
92,Spirited Away,2,7,5,6,21,46,164,Kodomomuke,Fantasy / Action
100,Grand blue dreaming,2,6,2,7,20,46,149,Seinen,Slice of Life
103,Shirobako,2,4,3,10,20,39,147,Seinen,Slice of Life
104,Erased,2,3,3,7,21,49,146,Seinen,Other
106,Dr. Stone,2,3,4,11,19,35,144,Shonen,Other
108,Fate/Stay Night Heaven's Feel,2,6,5,10,17,23,141,Seinen,Fantasy / Action
111,No Game No Life,2,1,2,5,23,55,138,Shonen,Isekai
114,Mobile Suit Gundam (Universal Century),2,3,4,7,25,25,134,Shonen,Mecha
119,Sonny Boy,2,3,4,8,21,18,122,Seinen,Other
120,The 100 Girlfriends who Really Love You,2,3,3,5,16,33,114,Shonen,Slice of Life
126,NANA,2,1,3,8,17,17,101,Josei,Slice of Life
127,Hajime no Ippo,2,1,4,13,6,19,100,Shonen,Other
128,Death Parade,2,1,1,3,18,33,96,Seinen,Other
132,The Demon Girl Next Door,2,2,4,4,13,20,92,Seinen,Slice of Life
133,Kino's Journey (2003),2,2,2,4,16,22,92,Seinen,Other
137,Skip and Loafer,2,0,3,1,13,35,86,Seinen,Slice of Life
138,The Promised Neverland,2,0,3,5,10,28,85,Shonen,Fantasy / Action
139,Azumanga Daioh,2,0,2,3,18,21,84,Seinen,Slice of Life
141,Space Dandy,2,2,4,3,10,19,82,Seinen,Other
142,Nausicaä of the Valley of the Wind,2,4,1,3,7,27,80,Seinen,Fantasy / Action
148,Classroom of The Elite,2,0,1,6,9,26,76,Shonen,Other
149,Run with the Wind,2,0,1,4,14,22,76,Seinen,Other
152,Akira,2,2,1,4,11,19,75,Seinen,Fantasy / Action
155,Noragami,2,0,3,2,9,27,73,Shonen,Fantasy / Action
161,Insomniacs After School,2,1,2,4,8,20,70,Shonen,Slice of Life
163,The Quintessential Quintuplets,2,1,1,2,11,21,67,Shonen,Slice of Life
169,Initial D,2,1,2,4,9,11,63,Seinen,Other
172,Uma Musume: Pretty Derby,2,1,1,0,10,23,61,Seinen,Other
177,Barakamon,2,1,4,1,7,13,60,Seinen,Slice of Life
181,Gunbuster,2,1,1,4,7,15,59,Seinen,Mecha
184,HELLSING ULTIMATE,2,1,2,1,10,13,58,Seinen,Fantasy / Action
186,Dorohedoro,2,1,1,2,10,13,57,Seinen,Fantasy / Action
187,Flip Flappers,2,1,1,1,11,14,57,Seinen,Fantasy / Action
193,Evangelion Rebuilds,2,3,2,2,4,10,54,Shonen,Mecha
200,Cross Game,2,1,2,0,9,13,53,Shonen,Other
201,Digimon,2,0,1,4,7,13,53,Kodomomuke,Isekai
203,Howl’s Moving Castle,2,0,1,4,6,14,52,Kodomomuke,Fantasy / Action
206,Planetes,2,0,2,3,6,10,49,Seinen,Other
215,Nisekoi,2,1,2,4,3,6,46,Shonen,Slice of Life
220,Love Live! School Idol Project,2,0,0,3,6,13,44,Seinen,Slice of Life
227,Kyousougiga,2,1,0,2,7,8,42,Seinen,Fantasy / Action
232,The Rose of Versailles,2,0,0,1,11,5,40,Shojo,Other
266,Erin,2,0,2,3,1,4,33,Kodomomuke,Fantasy / Action
291,Love Live! Sunshine!!,2,0,1,3,2,3,30,Seinen,Slice of Life
292,Eccentric Family,2,0,1,0,3,10,30,Seinen,Other
307,Macross Frontier,2,1,0,2,3,2,28,Shonen,Mecha
314,Sarazanmai,2,0,0,2,3,5,27,Seinen,Fantasy / Action
326,Nagi no Asukara,2,0,1,0,3,5,25,Seinen,Other
333,Legend of the Galactic Heroes: Die Neue These,2,0,1,0,4,2,24,Seinen,Other
389,Michiko to Hatchin,2,1,0,0,1,2,18,Seinen,Other
390,Yuri is My Job!,2,0,0,2,1,0,18,Josei,Slice of Life
439,I Was Reincarnated as the 7th Prince so I Can Take My Time Perfecting My Magical Ability,2,0,0,0,2,0,14,Shonen,Isekai
76,My hero academia,1,6,1,15,26,61,191,Shonen,Fantasy / Action
79,Summertime Render,1,0,8,7,32,63,185,Shonen,Fantasy / Action
93,Berserk,1,3,9,12,23,25,160,Seinen,Fantasy / Action
98,Perfect Blue,1,2,4,11,21,46,150,Seinen,Other
107,Delicious in Dungeon,1,4,7,8,15,39,142,Seinen,Fantasy / Action
109,Overlord,1,5,3,4,23,46,141,Seinen,Isekai
110,Heavenly Delusion,1,1,3,5,25,54,140,Seinen,Fantasy / Action
112,Parasyte,1,1,2,10,24,43,138,Seinen,Fantasy / Action
121,Bungo Stray Dogs,1,2,3,12,12,26,111,Shonen,Fantasy / Action
129,Ghost in the Shell,1,3,3,5,11,28,94,Seinen,Other
130,Katanagatari,1,0,6,4,15,23,94,Seinen,Fantasy / Action
135,Ghost in the Shell: Stand Alone Complex,1,4,2,7,10,19,89,Seinen,Other
140,Devilman: Crybaby,1,3,4,3,8,26,84,Seinen,Fantasy / Action
145,Trigun,1,1,3,3,12,25,79,Seinen,Other
146,Princess Tutu,1,2,3,4,11,19,78,Shojo,Fantasy / Action
156,High School DxD,1,2,2,5,8,21,73,Shonen,Fantasy / Action
157,OniMai,1,1,3,3,13,17,73,Seinen,Slice of Life
158,Ouran High School Host Club,1,0,1,6,12,21,72,Shojo,Slice of Life
164,"Love, Chuunibyo, and Other Delusions",1,0,3,2,10,24,67,Shonen,Slice of Life
165,InuYasha,1,4,2,4,8,9,66,Shonen,Isekai
168,Solo leveling,1,1,1,2,14,17,64,Shonen,Fantasy / Action
170,Keep Your Hands Off Eizouken!,1,0,0,3,15,19,63,Seinen,Slice of Life
171,The Tale of the Princess Kaguya,1,2,2,4,8,13,62,Kodomomuke,Other
173,Tokyo Ghoul,1,2,2,2,8,18,61,Seinen,Fantasy / Action
174,Lucky Star,1,0,2,4,7,22,61,Seinen,Slice of Life
178,Mobile Suit Gundam: The Witch from Mercury,1,0,1,5,11,14,60,Shonen,Mecha
179,Zombie Land Saga,1,0,1,1,11,26,60,Seinen,Fantasy / Action
182,Hinamatsuri,1,1,0,3,7,27,59,Seinen,Slice of Life
185,SSSS.Girdman + SSSS.Dynazenon,1,1,0,3,10,20,58,Shonen,Mecha
188,Monthly Girls' Nozaki-kun,1,1,0,2,7,27,56,Shonen,Slice of Life
189,Weathering With You,1,0,0,4,11,17,56,Seinen,Other
191,Shangri-la Frontier,1,0,1,2,8,24,55,Shonen,Isekai
194,DanMachi,1,1,1,4,7,15,54,Shonen,Isekai
195,Yona of the Dawn,1,0,1,4,5,23,54,Shojo,Fantasy / Action
196,Soul Eater,1,0,0,3,10,20,54,Shonen,Fantasy / Action
202,Date a Live,1,3,2,3,5,9,53,Shonen,Fantasy / Action
207,Ya Boy Kongming!,1,1,2,1,4,21,49,Shonen,Isekai
217,Rurouni Kenshin,1,2,1,3,5,9,45,Shonen,Other
218,The Ancient Magus' Bride,1,2,1,3,4,11,45,Seinen,Fantasy / Action
221,The Daily Life of High School Boys,1,1,0,1,7,18,44,Seinen,Slice of Life
222,Panty and Stocking,1,0,1,0,10,15,44,Seinen,Fantasy / Action
223,Kingdom,1,1,1,5,3,9,43,Seinen,Other
228,Gochiusa,1,1,2,2,4,11,42,Seinen,Slice of Life
229,Princess Connect Re:Dive,1,0,4,0,7,7,42,Seinen,Isekai
233,Detective Conan,1,2,1,1,3,14,40,Shonen,Other
234,Darker than Black,1,0,2,2,6,9,40,Seinen,Fantasy / Action
241,Akame Ga Kill,1,0,0,2,4,19,38,Shonen,Fantasy / Action
242,Log Horizon,1,0,0,0,8,17,38,Shonen,Isekai
243,Bofuri,1,,2,3,3,10,38,Shonen,Isekai
247,Gundam Unicorn,1,2,1,2,3,8,37,Seinen,Mecha
248,Astra: Lost in Space,1,0,1,6,3,4,37,Shonen,Other
252,Macross,1,1,0,1,6,11,35,Shonen,Mecha
255,Mononoke,1,2,1,1,3,8,34,Seinen,Fantasy / Action
256,Moribito - Guardian of the Spirit,1,1,0,1,7,8,34,Seinen,Fantasy / Action
257,Tower of God,1,1,0,0,5,15,34,Shonen,Fantasy / Action
267,Wandering Witch: The Journey of Elaina,1,1,0,3,4,7,33,Shonen,Fantasy / Action
273,Undead Unluck,1,2,1,1,2,8,32,Shonen,Fantasy / Action
274,Teasing Master Takagi,1,1,0,3,2,10,32,Shonen,Slice of Life
275,Mobile Suit Gundam 00,1,0,0,2,6,9,32,Shonen,Mecha
276,Iruma Kun,1,0,0,2,6,9,32,Shonen,Isekai
277,Usagi Drop,1,0,0,0,7,13,32,Seinen,Slice of Life
282,Deca-Dence,1,1,1,2,4,4,31,Seinen,Mecha
283,WorldEnd/SukaSuka,1,1,0,2,4,8,31,Shonen,Fantasy / Action
284,Beck,1,0,0,3,5,7,31,Shonen,Slice of Life
293,Kamisama Kiss,1,2,1,3,0,4,30,Shojo,Fantasy / Action
294,Yama no Susume,1,1,1,0,4,9,30,Seinen,Slice of Life
295,A Certain Magical Index,1,0,1,3,3,6,30,Shonen,Fantasy / Action
308,Trigun Stampede,1,0,0,2,3,11,28,Seinen,Other
315,Patlabor,1,1,0,1,3,9,27,Shonen,Mecha
316,Whisper of the Heart,1,0,1,1,5,5,27,Kodomomuke,Slice of Life
320,Brand New Animal,1,1,1,0,4,5,26,Seinen,Fantasy / Action
321,Golden Boy,1,0,0,1,5,8,26,Seinen,Other
327,Talentless Nana,1,1,0,1,3,7,25,Shonen,Fantasy / Action
328,Aoashi,1,0,1,1,2,9,25,Seinen,Other
329,Nodame Cantabille,1,0,1,0,3,10,25,Josei,Slice of Life
334,Domestic Girlfriend,1,1,0,1,4,4,24,Shonen,Slice of Life
341,Angel's Egg,1,1,0,0,4,6,23,Seinen,Other
342,Sound of the Sky,1,0,0,1,2,11,23,Seinen,Slice of Life
349,White Album 2,1,0,0,1,4,6,22,Seinen,Slice of Life
359,Wolf's Rain,1,1,0,0,4,4,21,Seinen,Fantasy / Action
368,Ojamajo Doremi,1,1,0,3,0,2,20,Kodomomuke,Fantasy / Action
369,The Wind Rises,1,0,1,1,2,4,20,Seinen,Other
370,Grave of the Fireflies,1,0,0,1,4,4,20,Seinen,Other
380,Fate/Apocrypha,1,1,0,1,2,3,19,Seinen,Fantasy / Action
391,Aggressive Retsuko.,1,0,0,2,1,5,18,Seinen,Slice of Life
399,BanG Dream!,1,0,1,1,1,3,17,Seinen,Slice of Life
400,Wind Breaker,1,0,1,0,2,4,17,Shonen,Other
401,Aikatsu!,1,0,0,1,4,1,17,Kodomomuke,Slice of Life
411,Dragon Quest: The Adventure of Dai,1,1,1,1,0,0,16,Shonen,Fantasy / Action
412,"More than a Married Couple, but Not Lovers",1,0,1,1,0,4,16,Shonen,Slice of Life
413,Fate/kaleid liner Prisma Illya,1,0,1,0,2,3,16,Seinen,Fantasy / Action
414,Tenchi Muyo,1,0,0,1,3,2,16,Seinen,Fantasy / Action
415,Hikaru no Go,1,0,0,0,3,5,16,Shonen,Other
416,Oreimo,1,,,,3,5,16,Shonen,Slice of Life
424,Lovely Complex,1,0,1,0,2,2,15,Shojo,Slice of Life
425,Osomatsu-san,1,0,0,1,2,3,15,Seinen,Slice of Life
426,Mieruko-chan,1,0,0,1,1,5,15,Seinen,Fantasy / Action
440,Idolish7,1,0,0,1,2,2,14,Seinen,Slice of Life
441,The iDOLM@STER (2011),1,0,0,1,2,2,14,Seinen,Slice of Life
442,The Great Passage,1,0,0,0,3,3,14,Seinen,Other
443,In This Corner of the World,1,0,0,0,1,7,14,Seinen,Other
458,Ace of the Diamond,1,0,0,0,2,4,13,Shonen,Other
459,Last Exile,1,0,0,0,4,0,13,Seinen,Fantasy / Action
472,The Helpful Fox Senko-san,1,1,0,0,1,1,12,Seinen,Slice of Life
473,Hayate the Combat Butler,1,0,0,1,1,2,12,Shonen,Slice of Life
474,Black Butler,1,0,0,0,2,3,12,Shonen,Fantasy / Action
475,Moriarty the Patriot,1,0,0,0,1,5,12,Shonen,Other
487,Maria Watches Over Us,1,0,0,1,0,3,11,Shojo,Slice of Life
488,R.O.D,1,0,0,0,3,0,11,Seinen,Fantasy / Action
489,Yuyushiki,1,0,0,0,2,2,11,Seinen,Slice of Life
490,Figure 17,1,0,0,0,1,4,11,Seinen,Other
491,Tsukimichi,1,0,0,0,0,6,11,Shonen,Isekai
60,Spy x Family,0,4,6,16,30,106,254,Shonen,Slice of Life
83,Welcome to the NHK,0,6,4,15,28,37,178,Seinen,Other
88,Horimiya,0,3,6,11,31,41,172,Shonen,Slice of Life
101,My Dress-up Darling,0,3,4,12,22,41,149,Seinen,Slice of Life
115,Black Lagoon,0,4,5,10,20,25,131,Seinen,Other
117,Miss Kobayashi’s Dragon Maid,0,4,5,5,19,35,124,Seinen,Slice of Life
122,Anohana,0,0,1,8,18,44,108,Seinen,Slice of Life
143,Cardcaptor Sakura,0,3,3,5,11,19,80,Shojo,Fantasy / Action
144,Pluto,0,1,0,3,19,29,80,Seinen,Mecha
147,GTO,0,4,2,3,13,18,77,Shonen,Slice of Life
150,The Garden of Sinners,0,4,3,5,9,15,76,Seinen,Fantasy / Action
151,Saga of Tanya the Evil,0,2,1,4,15,22,76,Seinen,Isekai
153,Call of the Night,0,2,0,6,11,27,75,Shonen,Other
159,Tsuki ga Kirei,0,1,3,4,10,23,71,Seinen,Slice of Life
160,Asobi Asobase,0,0,2,5,11,26,71,Seinen,Slice of Life
162,Fairy Tail,0,1,3,7,11,11,70,Shonen,Fantasy / Action
166,Food Wars,0,2,5,3,6,17,66,Shonen,Slice of Life
175,Ranking of Kings,0,1,0,7,6,24,61,Seinen,Fantasy / Action
180,Kaiji,0,0,1,4,12,20,60,Seinen,Other
183,I Want to Eat Your Pancreas,0,1,1,1,15,18,59,Shonen,Slice of Life
190,Pokemon,0,1,2,4,4,24,56,Kodomomuke,Fantasy / Action
197,Ascendance of a Bookworm,0,1,3,1,8,19,54,Seinen,Isekai
198,Banana Fish,0,1,2,4,6,18,54,Shojo,Other
204,Beastars,0,2,1,4,8,11,51,Shonen,Other
205,Little Witch Academia,0,0,2,0,7,28,50,Kodomomuke,Fantasy / Action
208,Millennium Actress,0,3,0,4,7,11,49,Seinen,Other
209,Yuri!! On Ice,0,3,1,1,10,9,48,Seinen,Other
210,Given,0,3,1,1,8,13,48,Josei,Slice of Life
211,Hidamari Sketch,0,2,3,3,6,7,48,Seinen,Slice of Life
213,School Live,0,0,2,3,10,10,47,Seinen,Fantasy / Action
214,Prison School,0,0,1,3,10,14,47,Seinen,Slice of Life
216,Flying Witch,0,3,3,2,5,6,46,Seinen,Slice of Life
219,Princess Principal,0,1,3,4,4,9,45,Seinen,Other
224,My Neighbour Totoro,0,1,4,0,7,9,43,Kodomomuke,Other
225,The Pet Girl of Sakurasou,0,0,0,4,8,15,43,Shonen,Slice of Life
230,Hell’s Paradise,0,2,0,0,11,12,42,Shonen,Fantasy / Action
231,Akebi’s Sailor Uniform,0,1,0,2,9,13,41,Seinen,Slice of Life
235,Darling in the FranXX,0,4,2,2,3,4,40,Shonen,Mecha
236,Ranma 1/2,0,2,3,3,4,3,40,Shonen,Fantasy / Action
237,Gundam Iron Blooded Orphans,0,1,0,3,10,7,40,Shonen,Mecha
238,Yuru Yuri,0,2,1,1,5,14,39,Seinen,Slice of Life
239,Bakuman,0,2,0,3,5,12,39,Shonen,Slice of Life
240,ReLife,0,0,0,3,6,18,39,Seinen,Slice of Life
244,Megalobox,0,1,0,2,7,14,38,Seinen,Other
245,Komi Can’t Communicate,0,0,0,3,5,19,38,Shonen,Slice of Life
249,Scum’s Wish,0,2,1,0,8,9,37,Josei,Slice of Life
250,5 Centimeters Per Second,0,2,1,0,9,6,36,Seinen,Other
251,Dororo,0,0,0,1,8,17,36,Shonen,Fantasy / Action
253,Charlotte,0,0,1,3,6,10,35,Seinen,Fantasy / Action
254,Redline,0,0,1,1,6,16,35,Seinen,Other
258,Tamako Market,0,2,1,1,5,9,34,Seinen,Slice of Life
259,Golden Time,0,1,1,3,5,7,34,Shonen,Slice of Life
260,Fire Force,0,0,3,1,3,13,34,Shonen,Fantasy / Action
261,Kuroko no Basuke,0,0,1,3,2,17,34,Shonen,Other
262,Yu-Gi-Oh,0,0,1,2,8,8,34,Shonen,Fantasy / Action
263,Plastic Memories,0,0,1,2,4,16,34,Seinen,Other
264,Mashle,0,0,1,1,7,13,34,Shonen,Fantasy / Action
265,Id: Invaded,0,0,0,3,7,11,34,Seinen,Other
268,Kimi ni Todoke,0,1,2,1,7,4,33,Shojo,Slice of Life
269,Castle in the Sky,0,1,1,2,4,11,33,Kodomomuke,Fantasy / Action
270,Sayonara Zetsubo Sensei,0,1,1,0,8,9,33,Shonen,Slice of Life
271,Akudama Drive,0,0,2,1,5,12,33,Seinen,Fantasy / Action
272,Wotakoi: Love is Hard for Otaku,0,0,1,0,6,17,33,Josei,Slice of Life
278,The Vision of Escaflowne,0,3,2,1,3,3,32,Shojo,Mecha
279,Saekano,0,1,1,1,2,17,32,Shonen,Slice of Life
280,The Angel Next Door,0,1,1,0,7,10,32,Shonen,Slice of Life
281,Space Brothers,0,1,0,5,3,7,32,Seinen,Other
285,Ore Monogatari,0,1,1,1,5,10,31,Shojo,Slice of Life
286,Silver Spoon,0,0,2,3,4,6,31,Shonen,Slice of Life
287,Shadows House,0,0,1,3,4,10,31,Shonen,Fantasy / Action
288,Akiba Maid Wars,0,0,0,4,1,17,31,Seinen,Other
289,Suzume,0,0,0,1,5,18,31,Seinen,Fantasy / Action
296,Gosick,0,1,1,4,3,4,30,Shonen,Other
297,Adachi and Shimamura,0,1,1,2,3,10,30,Shonen,Slice of Life
298,Ergo Proxy,0,1,1,1,3,13,30,Seinen,Other
299,Turn A Gundam,0,2,1,2,2,7,29,Shonen,Mecha
300,Tokyo Godfathers,0,1,1,1,4,10,29,Seinen,Other
301,Yuna Yuki is a Hero,0,1,0,1,5,12,29,Seinen,Fantasy / Action
302,Magi,0,1,0,1,4,14,29,Shonen,Fantasy / Action
303,Kekkai Sensen,0,0,0,3,6,8,29,Shonen,Fantasy / Action
304,Tonikawa,0,0,0,2,5,13,29,Shonen,Slice of Life
305,Lupin III,0,0,0,2,5,13,29,Shonen,Other
309,Blue Spring Ride,0,1,1,2,4,6,28,Shojo,Slice of Life
310,Dennou Coil,0,0,1,4,3,6,28,Seinen,Other
311,To Your Eternity,0,0,1,2,3,12,28,Shonen,Fantasy / Action
312,Grimgar of Fantasy and Ash,0,0,1,0,6,12,28,Shonen,Isekai
313,Maid-sama,0,0,0,1,8,9,28,Shojo,Slice of Life
317,Gankutsuou,0,1,0,0,7,9,27,Seinen,Other
318,Heike Monogatari,0,0,0,3,3,12,27,Seinen,Other
319,One Outs,0,0,0,1,7,10,27,Seinen,Other
322,Summer Wars,0,1,0,1,6,7,26,Seinen,Fantasy / Action
323,Elfen Lied,0,0,1,3,2,9,26,Seinen,Fantasy / Action
324,The Case Study of Vanitas,0,0,1,2,3,10,26,Shonen,Fantasy / Action
325,Kiki’s Delivery Service,0,0,0,1,4,15,26,Kodomomuke,Other
330,Anne of Green Gables,0,1,1,2,4,3,25,Kodomomuke,Other
331,A Sign of Affection,0,0,1,1,3,12,25,Seinen,Slice of Life
332,Tokyo Revengers,0,0,1,0,6,9,25,Shonen,Other
335,Rent a Girlfriend,0,3,0,1,2,5,24,Shonen,Slice of Life
336,The Devil is a Part Timer,0,0,2,2,1,8,24,Shonen,Isekai
337,Kakegurui,0,0,1,1,5,7,24,Seinen,Other
338,Gabriel Dropout,0,0,0,2,2,14,24,Seinen,Slice of Life
339,Mirai Nikki,0,0,0,0,8,8,24,Shonen,Fantasy / Action
340,Zom100,0,0,0,0,4,16,24,Shonen,Fantasy / Action
343,Texhnolyze,0,1,0,1,5,6,23,Seinen,Other
344,Re:Creators,0,1,0,1,4,8,23,Seinen,Fantasy / Action
345,Heartcatch Precure,0,0,2,1,3,6,23,Kodomomuke,Fantasy / Action
346,Space Battleship Yamato,0,0,1,3,3,4,23,Shonen,Other
347,Keijo,0,0,1,1,3,10,23,Shonen,Other
348,Do It Yourself,0,0,0,0,6,11,23,Seinen,Slice of Life
350,SYD,0,1,1,1,4,3,22,Seinen,Other
351,Sword of the Stranger,0,1,0,3,3,3,22,Seinen,Other
352,Watamote,0,1,0,0,5,8,22,Seinen,Slice of Life
353,Kokoro Connect,0,1,0,0,5,8,22,Shonen,Slice of Life
354,Tamayura,0,0,2,2,3,2,22,Seinen,Slice of Life
355,Crest of the Stars,0,0,0,4,2,6,22,Seinen,Other
356,Shiki,0,0,0,3,3,7,22,Seinen,Fantasy / Action
357,SKET Dance,0,0,0,3,3,7,22,Shonen,Slice of Life
358,Kids on the Slope,0,0,0,0,5,12,22,Seinen,Slice of Life
360,His and Her Circumstances,0,2,1,1,1,4,21,Shojo,Slice of Life
361,Hellsing,0,1,0,2,3,5,21,Seinen,Fantasy / Action
362,High Score Girl,0,1,0,1,3,8,21,Seinen,Slice of Life
363,Uncle From Another World,0,0,1,1,3,8,21,Seinen,Isekai
364,Slam Dunk,0,0,0,2,4,7,21,Shonen,Other
365,Goblin Slayer,0,0,0,1,3,12,21,Seinen,Fantasy / Action
366,Nagatoro,0,0,0,0,6,9,21,Shonen,Slice of Life
367,Snow White with the Red Hair,0,0,0,1,5,8,21,Shojo,Fantasy / Action
371,Slayers,0,2,1,1,0,5,20,Shonen,Fantasy / Action
372,Maison Ikkoku,0,2,0,0,5,2,20,Seinen,Slice of Life
373,Inuyashiki,0,1,1,0,1,10,20,Seinen,Fantasy / Action
374,Paprika,0,1,0,0,5,6,20,Seinen,Other
375,Hanasaku Iroha,0,0,1,1,2,9,20,Seinen,Slice of Life
376,Magical Girl Lyrical Nanoha,0,0,0,3,2,7,20,Seinen,Fantasy / Action
377,Interspecies Reviewers,0,0,0,1,4,9,20,Seinen,Other
378,Sleepy Princess in the Demon’s Castle,0,0,0,1,3,11,20,Shonen,Fantasy / Action
379,91 Days,0,0,0,0,8,4,20,Seinen,Other
381,Great Pretender,0,1,1,0,2,7,19,Seinen,Other
382,Honey and Clover,0,1,0,1,4,4,19,Josei,Slice of Life
383,Humanity Has Declined,0,1,0,0,3,9,19,Shonen,Fantasy / Action
384,Mobile Suit Gundam Seed,0,0,2,0,2,7,19,Shonen,Mecha
385,The Familiar of Zero,0,0,2,0,1,9,19,Shonen,Isekai
386,The Executioner and Her Way of Life,0,0,1,2,1,7,19,Shonen,Isekai
387,Kanon,0,0,1,1,2,8,19,Seinen,Slice of Life
388,Another,0,0,0,0,5,9,19,Seinen,Other
392,Villainess Level 99,0,2,0,1,1,5,18,Josei,Isekai
393,Full Metal Panic,0,2,0,0,2,6,18,Shonen,Mecha
394,Samurai Flamenco,0,0,2,0,2,6,18,Seinen,Other
395,Macross Plus,0,0,1,1,2,7,18,Seinen,Mecha
396,Seven Deadly Sins,0,0,0,2,4,4,18,Shonen,Fantasy / Action
397,Romantic Killer,0,0,0,1,4,7,18,Shonen,Slice of Life
398,The Aquatope on White Sand,0,0,0,1,2,11,18,Seinen,Slice of Life
402,Happy Sugar Life,0,1,0,2,0,7,17,Seinen,Other
403,Pop Team Epic,0,1,0,0,3,7,17,Seinen,Slice of Life
404,Wonder Egg Priority,0,0,2,0,2,5,17,Seinen,Fantasy / Action
405,Kaiju No. 8,0,0,0,1,4,6,17,Shonen,Fantasy / Action
406,Claymore,0,0,0,1,3,8,17,Shonen,Fantasy / Action
407,Blue Exorcist,0,0,0,0,5,7,17,Shonen,Fantasy / Action
408,Tsurezure Children,0,0,0,0,5,7,17,Shonen,Slice of Life
409,New Game,0,0,0,0,4,9,17,Seinen,Slice of Life
410,Vampire Hunter D,0,0,0,0,4,9,17,Seinen,Fantasy / Action
417,Terror in Resonance,0,1,0,1,2,5,16,Seinen,Other
418,Digimon Tamers,0,1,0,0,4,4,16,Kodomomuke,Isekai
419,Inferno Cop,0,0,1,0,5,2,16,Seinen,Other
420,Porco Rosso,0,0,0,2,3,4,16,Kodomomuke,Other
421,Urusei Yatsura (1981),0,0,0,2,3,4,16,Shonen,Fantasy / Action
422,Tsurune,0,0,0,2,2,6,16,Shonen,Slice of Life
423,Birdie Wing,0,0,0,1,3,7,16,Seinen,Other
427,The Twelve Kingdoms,0,2,0,1,0,4,15,Seinen,Isekai
428,Major,0,1,2,0,0,3,15,Shonen,Other
429,Boogiepop & Others,0,1,0,2,1,3,15,Shonen,Fantasy / Action
430,Blue Period,0,1,0,0,2,7,15,Seinen,Slice of Life
431,ef: A Tale of Memories,0,1,0,0,2,7,15,Seinen,Slice of Life
432,After the Rain,0,0,1,1,0,8,15,Seinen,Slice of Life
433,Shakugan no Shana,0,0,1,0,3,5,15,Shonen,Fantasy / Action
434,Granbelm,0,0,1,0,3,5,15,Seinen,Mecha
435,The Flowers of Evil,0,0,1,0,2,7,15,Seinen,Slice of Life
436,Chobits,0,0,0,2,3,3,15,Seinen,Slice of Life
437,Promare,0,0,0,1,3,6,15,Seinen,Mecha
438,My Next Life as a Villainess,0,0,0,1,2,8,15,Josei,Isekai
444,Urusei Yatsura (2022),0,1,1,0,1,4,14,Shonen,Fantasy / Action
445,Brave Bang Bravern,0,1,0,1,2,3,14,Seinen,Mecha
446,Jellyfish Can’t Swim in the Night,0,1,0,1,2,3,14,Seinen,Slice of Life
447,Sk8 The Infinity,0,1,0,1,1,5,14,Seinen,Other
448,Rising of the Shield Hero,0,1,0,0,2,6,14,Shonen,Isekai
449,My Senpai is Annoying,0,0,1,0,4,2,14,Seinen,Slice of Life
450,The Girl Who Leapt Through Time,0,0,1,0,2,6,14,Seinen,Other
451,Dark Gathering,0,0,0,3,0,5,14,Shonen,Fantasy / Action
452,Free!,0,0,0,1,4,3,14,Seinen,Other
453,Mobile Suit Gundam Wing,0,0,0,1,2,7,14,Shonen,Mecha
454,Girls Band Cry,0,0,0,1,2,7,14,Seinen,Slice of Life
455,The Magical Revolution of the Reincarnated Princess and the Genius Young Lady,0,0,0,0,5,4,14,Josei,Isekai
456,My Love Story with Yamada at Lv.999,0,0,0,0,4,6,14,Josei,Slice of Life
457,"Girlfriend, Girlfriend",0,0,0,0,3,8,14,Shonen,Slice of Life
460,Baby Steps,0,1,1,0,1,3,13,Shonen,Other
461,Pompo the Cinephile,0,1,1,0,1,3,13,Seinen,Slice of Life
462,Saint Seiya,0,1,0,0,2,5,13,Shonen,Fantasy / Action
463,Kamikatsu,0,0,2,0,2,1,13,Shonen,Isekai
464,Dead Mount Death Play,0,0,0,2,2,3,13,Shonen,Isekai
465,"Josee, The Tiger, and the Fish",0,0,0,2,1,5,13,Seinen,Slice of Life
466,Casshern Sins,0,0,0,1,3,4,13,Seinen,Mecha
467,Buddy Daddies,0,0,0,1,2,6,13,Seinen,Slice of Life
468,Kaiba,0,0,0,1,1,8,13,Seinen,Other
469,To Love-Ru,0,0,0,1,1,8,13,Shonen,Slice of Life
470,Amagi Brilliant Park,0,0,0,0,3,7,13,Shonen,Fantasy / Action
471,Beyond the Boundary,0,0,0,0,2,9,13,Shonen,Fantasy / Action
476,Hugtto Precure,0,0,1,1,1,3,12,Kodomomuke,Fantasy / Action
477,Carnival Phantasm,0,0,0,2,1,4,12,Seinen,Other
478,Aoi Hana,0,0,0,1,3,3,12,Josei,Slice of Life
479,O Maidens in Your Savage Season,0,0,0,1,3,3,12,Seinen,Slice of Life
480,High School of the Dead,0,0,0,1,2,5,12,Seinen,Fantasy / Action
481,Jormungand,0,0,0,1,2,5,12,Shonen,Other
482,Gamers,0,0,0,0,4,4,12,Shonen,Slice of Life
483,Undead Girl Murder Farce,0,0,0,0,3,6,12,Seinen,Fantasy / Action
484,So I’m a Spider? So What?,0,0,0,0,3,6,12,Shonen,Isekai
485,My Happy Marriage,0,0,0,0,2,8,12,Josei,Other
486,Kakushigoto,0,0,0,0,2,8,12,Shonen,Slice of Life
492,Tearmoon Empire,0,1,0,1,1,2,11,Josei,Isekai
493,Love Live! Nijigasaki High School Idol Club,0,1,0,0,2,3,11,Seinen,Slice of Life
494,D-Frag,0,1,0,0,1,5,11,Shonen,Slice of Life
495,Orange,0,1,0,0,1,5,11,Shojo,Slice of Life
496,ACCA-13,0,0,1,1,0,4,11,Seinen,Other
497,Kotaro Lives Alone,0,0,0,1,2,4,11,Seinen,Slice of Life
498,School Rumble,0,0,0,1,1,6,11,Shonen,Slice of Life
499,Working!!,0,0,0,1,0,8,11,Seinen,Slice of Life
500,The Garden of Words,0,0,0,1,0,8,11,Seinen,Other
212,Maquia,,2,0,3,7,17,48,Seinen,Fantasy / Action
306,Little Busters,,,1,3,4,8,29,Seinen,Slice of Life
